"","x"
"1",2015-05-11
"2",2015-05-12
"3",2015-05-13
"4",2015-05-14
"5",2015-05-15
"6",2015-05-16
"7",2015-05-17
"8",2015-05-18
"9",2015-05-19
"10",2015-05-20
"11",2015-05-21
"12",2015-05-22
"13",2015-05-23
"14",2015-05-24
"15",2015-05-25
"16",2015-05-26
"17",2015-05-27
"18",2015-05-28
"19",2015-05-29
"20",2015-05-30
"21",2015-05-31
"22",2015-06-01
"23",2015-06-02
"24",2015-06-03
"25",2015-06-04
"26",2015-06-05
"27",2015-06-06
"28",2015-06-07
"29",2015-06-08
"30",2015-06-09
"31",2015-06-10
"32",2015-06-11
"33",2015-06-12
"34",2015-06-13
"35",2015-06-14
"36",2015-06-15
"37",2015-06-16
"38",2015-06-17
"39",2015-06-18
"40",2015-06-19
"41",2015-06-20
"42",2015-06-21
"43",2015-06-22
"44",2015-06-23
"45",2015-06-24
"46",2015-06-25
"47",2015-06-26
"48",2015-06-27
"49",2015-06-28
"50",2015-06-29
"51",2015-06-30
"52",2015-07-01
"53",2015-07-02
